Workbook

Sheet CLIENT_MASTER
A1: Client ID | B1: Client Name | C1: Join Date | D1: Goal | E1: Plan Type | F1: Status | H1: Trainers
A2: PT001 | B2: Adhi | C2: 45021 | D2: Bodybuilding | E2: 16 | H2: Suruthi
A3: PT002 | B3: Arunan | C3: 44539 | D3: Fit | E3: 16 | H3: Surya
A4: PT003 | B4: Sruthi | C4: 44393 | D4: Weightlifting | E4: 14 | H4: Master
A5: PT004 | B5: Surya | C5: 44785 | D5: Athlete | E5: 12
A6: PT005 | B6: Kaushi | C6: 44800 | D6: Fit | E6: 14
A7: PT006 | B7: Anav | C7: 44105 | D7: Bodybuilding | E7: 9
A8: PT007 | B8: Vidhya | C8: 45001 | D8: Athlete | E8: 12
A9: PT008 | B9: Master | C9: 44009 | D9: Fit | E9: 12
A10: PT009 | B10: Apple | C10: 44010 | D10: Strength | E10: 12

Sheet SESSION_LOG
A1: Date | B1: Client Name | C1: Trainer | D1: Weight | E1: Session Done | F1: Performance Score | G1: Progress Type | H1: Progress Score | I1: Notes
A2: =TODAY() -> 46076 | B2: Suruthi | C2: Surya | D2: 98 | E2: 3 | F2: 8 | G2: Weight Loss | H2: 9 | K2: Progress Type
A3: =TODAY() -> 46076 | B3: Surya | C3: Master | D3: 65 | E3: 5 | F3: 9 | G3: General Progress | H3: 10 | K3: Strength Gain
A4: =TODAY() -> 46076 | B4: Arunan | C4: Suruthi | D4: 70 | E4: 8 | F4: 8 | G4: Strength Gain | H4: 7 | K4: Weight Loss
A5: =TODAY() -> 46076 | B5: Vidhya | C5: Surya | D5: 52 | E5: 12 | F5: 5 | G5: Mobility Improvement | H5: 5 | K5: Mobility Improvement
A6: =TODAY() -> 46076 | B6: Kaushi | C6: Suruthi | D6: 65 | E6: 6 | F6: 7 | G6: Weight Loss | H6: 8 | K6: Endurance Improvement
A7: =TODAY() -> 46076 | B7: Anav | C7: Master | D7: 23 | E7: 6 | F7: 10 | G7: Endurance Improvement | H7: 10 | K7: General Progress
A8: 46075 | B8: Vidhya | C8: Suruthi | D8: 52 | E8: 13 | F8: 7 | G8: General Progress

Sheet CLIENT_STATUS
A1: Client ID | B1: Client Name | C1: Last Visit | D1: Days Since Visit | E1: Risk Status | F1: Engagement Score | G1: Engagement Status | H1: Progress Entries | I1: Progress Status | J1: Weight Change | K1: First Weight | L1: Weight Change | M1: Progress Intelligence Status | N1: Performance Change | O1: First Performance | P1: Performance Improvement | Q1: Overall Progress | S1: Summary Box
A2: =CLIENT_MASTER!A2 -> PT001 | B2: =CLIENT_MASTER!B2 -> Adhi | C2: =_xlfn.MAXIFS(SESSION_LOG!A:A,SESSION_LOG!B:B,B2) -> 0 | D2: =IF(C2=" "," ",TODAY() - C2) -> 46076 | E2: =IF(D2<=5,"Active", IF(D2<=10,"Monitor",IF(D2<=15,"At Risk","Likely Drop"))) -> Likely Drop | F2: =AVERAGEIFS(SESSION_LOG!F:F, SESSION_LOG!B:B,B2) -> #DIV/0! | G2: =IF(F2=" ","No Data",IF(F2>=7,"Highly Engaged",IF(F2>=5,"Moderate","Low Engagement"))) -> #DIV/0! | H2: =COUNTIFS(SESSION_LOG!B:B,B2,SESSION_LOG!G:G,"<>") -> 0 | I2: =IF(H2=0, "No Visible Progress",IF(H2<=2, "Improving", "Strong Progress")) -> No Visible Progress | J2: =_xlfn.MAXIFS(SESSION_LOG!D:D, SESSION_LOG!B:B, B2,SESSION_LOG!A:A, _xlfn.MAXIFS(SESSION_LOG!A:A, SESSION_LOG!B:B,B2)) -> 0 | K2: =_xlfn.MAXIFS(SESSION_LOG!D:D,SESSION_LOG!B:B, B2) -> 0 | L2: =J2-K2 -> 0 | M2: =IF(L2="","No Data",IF(ABS(L2)<1,"No Progress",IF(L2<0,"Weight Reduced","Weight Increased"))) -> No Progress | N2: =_xlfn.MAXIFS(SESSION_LOG!F:F, SESSION_LOG!B:B, B2, SESSION_LOG!A:A, _xlfn.MAXIFS(SESSION_LOG!A:A,SESSION_LOG!B:B,B2)) -> 0 | O2: =_xlfn.MINIFS(SESSION_LOG!F:F, SESSION_LOG!B:B, B2) -> 0 | P2: =N2-O2 -> 0 | Q2: =IF(AND(L2<=0,P2>0), "Excellent Progress", IF(AND(L2<=1,P2>0), "Healthy Progress", IF(P2<0,"Performance Dropping", "No Clear Progress"))) -> No Clear Progress | S2: Metric | T2: Value
A3: =CLIENT_MASTER!A3 -> PT002 | B3: =CLIENT_MASTER!B3 -> Arunan | C3: =_xlfn.MAXIFS(SESSION_LOG!A:A,SESSION_LOG!B:B,B3) -> 46076 | D3: =TODAY()-C3 -> 0 | E3: =IF(D3<=5,"Active", IF(D3<=10,"Monitor",IF(D3<=15,"At Risk","Likely Drop"))) -> Active | F3: =AVERAGEIFS(SESSION_LOG!F:F, SESSION_LOG!B:B,B3) -> 8 | G3: =IF(F3=" ","No Data",IF(F3>=7,"Highly Engaged",IF(F3>=5,"Moderate","Low Engagement"))) -> Highly Engaged | H3: =COUNTIFS(SESSION_LOG!B:B,B3,SESSION_LOG!G:G,"<>") -> 1 | I3: =IF(H3=0, "No Visible Progress",IF(H3<=2, "Improving", "Strong Progress")) -> Improving | J3: =_xlfn.MAXIFS(SESSION_LOG!D:D, SESSION_LOG!B:B, B3,SESSION_LOG!A:A, _xlfn.MAXIFS(SESSION_LOG!A:A, SESSION_LOG!B:B,B3)) -> 70 | K3: =_xlfn.MAXIFS(SESSION_LOG!D:D,SESSION_LOG!B:B, B3) -> 70 | L3: =J3-K3 -> 0 | M3: =IF(L3="","No Data",IF(ABS(L3)<1,"No Progress",IF(L3<0,"Weight Reduced","Weight Increased"))) -> No Progress | N3: =_xlfn.MAXIFS(SESSION_LOG!F:F, SESSION_LOG!B:B, B3, SESSION_LOG!A:A, _xlfn.MAXIFS(SESSION_LOG!A:A,SESSION_LOG!B:B,B3)) -> 8 | O3: =_xlfn.MINIFS(SESSION_LOG!F:F, SESSION_LOG!B:B, B3) -> 8 | P3: =N3-O3 -> 0 | Q3: =IF(AND(L3<=0,P3>0), "Excellent Progress", IF(AND(L3<=1,P3>0), "Healthy Progress", IF(P3<0,"Performance Dropping", "No Clear Progress"))) -> No Clear Progress | S3: Active Clients | T3: =COUNTIF(E2:E9,"Active") -> 5
A4: =CLIENT_MASTER!A4 -> PT003 | B4: =CLIENT_MASTER!B4 -> Sruthi | C4: =_xlfn.MAXIFS(SESSION_LOG!A:A,SESSION_LOG!B:B,B4) -> 0 | D4: =TODAY()-C4 -> 46076 | E4: =IF(D4<=5,"Active", IF(D4<=10,"Monitor",IF(D4<=15,"At Risk","Likely Drop"))) -> Likely Drop | F4: =AVERAGEIFS(SESSION_LOG!F:F, SESSION_LOG!B:B,B4) -> #DIV/0! | G4: =IF(F4=" ","No Data",IF(F4>=7,"Highly Engaged",IF(F4>=5,"Moderate","Low Engagement"))) -> #DIV/0! | H4: =COUNTIFS(SESSION_LOG!B:B,B4,SESSION_LOG!G:G,"<>") -> 0 | I4: =IF(H4=0, "No Visible Progress",IF(H4<=2, "Improving", "Strong Progress")) -> No Visible Progress | J4: =_xlfn.MAXIFS(SESSION_LOG!D:D, SESSION_LOG!B:B, B4,SESSION_LOG!A:A, _xlfn.MAXIFS(SESSION_LOG!A:A, SESSION_LOG!B:B,B4)) -> 0 | K4: =_xlfn.MAXIFS(SESSION_LOG!D:D,SESSION_LOG!B:B, B4) -> 0 | L4: =J4-K4 -> 0 | M4: =IF(L4="","No Data",IF(ABS(L4)<1,"No Progress",IF(L4<0,"Weight Reduced","Weight Increased"))) -> No Progress | N4: =_xlfn.MAXIFS(SESSION_LOG!F:F, SESSION_LOG!B:B, B4, SESSION_LOG!A:A, _xlfn.MAXIFS(SESSION_LOG!A:A,SESSION_LOG!B:B,B4)) -> 0 | O4: =_xlfn.MINIFS(SESSION_LOG!F:F, SESSION_LOG!B:B, B4) -> 0 | P4: =N4-O4 -> 0 | Q4: =IF(AND(L4<=0,P4>0), "Excellent Progress", IF(AND(L4<=1,P4>0), "Healthy Progress", IF(P4<0,"Performance Dropping", "No Clear Progress"))) -> No Clear Progress | S4: At Risk Clients | T4: =COUNTIF(E3:E10,"Monitor") -> 0
A5: =CLIENT_MASTER!A5 -> PT004 | B5: =CLIENT_MASTER!B5 -> Surya | C5: =_xlfn.MAXIFS(SESSION_LOG!A:A,SESSION_LOG!B:B,B5) -> 46076 | D5: =TODAY()-C5 -> 0 | E5: =IF(D5<=5,"Active", IF(D5<=10,"Monitor",IF(D5<=15,"At Risk","Likely Drop"))) -> Active | F5: =AVERAGEIFS(SESSION_LOG!F:F, SESSION_LOG!B:B,B5) -> 9 | G5: =IF(F5=" ","No Data",IF(F5>=7,"Highly Engaged",IF(F5>=5,"Moderate","Low Engagement"))) -> Highly Engaged | H5: =COUNTIFS(SESSION_LOG!B:B,B5,SESSION_LOG!G:G,"<>") -> 1 | I5: =IF(H5=0, "No Visible Progress",IF(H5<=2, "Improving", "Strong Progress")) -> Improving | J5: =_xlfn.MAXIFS(SESSION_LOG!D:D, SESSION_LOG!B:B, B5,SESSION_LOG!A:A, _xlfn.MAXIFS(SESSION_LOG!A:A, SESSION_LOG!B:B,B5)) -> 65 | K5: =_xlfn.MAXIFS(SESSION_LOG!D:D,SESSION_LOG!B:B, B5) -> 65 | L5: =J5-K5 -> 0 | M5: =IF(L5="","No Data",IF(ABS(L5)<1,"No Progress",IF(L5<0,"Weight Reduced","Weight Increased"))) -> No Progress | N5: =_xlfn.MAXIFS(SESSION_LOG!F:F, SESSION_LOG!B:B, B5, SESSION_LOG!A:A, _xlfn.MAXIFS(SESSION_LOG!A:A,SESSION_LOG!B:B,B5)) -> 9 | O5: =_xlfn.MINIFS(SESSION_LOG!F:F, SESSION_LOG!B:B, B5) -> 9 | P5: =N5-O5 -> 0 | Q5: =IF(AND(L5<=0,P5>0), "Excellent Progress", IF(AND(L5<=1,P5>0), "Healthy Progress", IF(P5<0,"Performance Dropping", "No Clear Progress"))) -> No Clear Progress | S5: Likely Drop Clients | T5: =COUNTIF(E4:E11,"Likely Drop") -> 2
A6: =CLIENT_MASTER!A6 -> PT005 | B6: =CLIENT_MASTER!B6 -> Kaushi | C6: =_xlfn.MAXIFS(SESSION_LOG!A:A,SESSION_LOG!B:B,B6) -> 46076 | D6: =TODAY()-C6 -> 0 | E6: =IF(D6<=5,"Active", IF(D6<=10,"Monitor",IF(D6<=15,"At Risk","Likely Drop"))) -> Active | F6: =AVERAGEIFS(SESSION_LOG!F:F, SESSION_LOG!B:B,B6) -> 7 | G6: =IF(F6=" ","No Data",IF(F6>=7,"Highly Engaged",IF(F6>=5,"Moderate","Low Engagement"))) -> Highly Engaged | H6: =COUNTIFS(SESSION_LOG!B:B,B6,SESSION_LOG!G:G,"<>") -> 1 | I6: =IF(H6=0, "No Visible Progress",IF(H6<=2, "Improving", "Strong Progress")) -> Improving | J6: =_xlfn.MAXIFS(SESSION_LOG!D:D, SESSION_LOG!B:B, B6,SESSION_LOG!A:A, _xlfn.MAXIFS(SESSION_LOG!A:A, SESSION_LOG!B:B,B6)) -> 65 | K6: =_xlfn.MAXIFS(SESSION_LOG!D:D,SESSION_LOG!B:B, B6) -> 65 | L6: =J6-K6 -> 0 | M6: =IF(L6="","No Data",IF(ABS(L6)<1,"No Progress",IF(L6<0,"Weight Reduced","Weight Increased"))) -> No Progress | N6: =_xlfn.MAXIFS(SESSION_LOG!F:F, SESSION_LOG!B:B, B6, SESSION_LOG!A:A, _xlfn.MAXIFS(SESSION_LOG!A:A,SESSION_LOG!B:B,B6)) -> 7 | O6: =_xlfn.MINIFS(SESSION_LOG!F:F, SESSION_LOG!B:B, B6) -> 7 | P6: =N6-O6 -> 0 | Q6: =IF(AND(L6<=0,P6>0), "Excellent Progress", IF(AND(L6<=1,P6>0), "Healthy Progress", IF(P6<0,"Performance Dropping", "No Clear Progress"))) -> No Clear Progress | S6: At Risk Clients | T6: =COUNTIF(E5:E12,"At Risk") -> 0
A7: =CLIENT_MASTER!A7 -> PT006 | B7: =CLIENT_MASTER!B7 -> Anav | C7: =_xlfn.MAXIFS(SESSION_LOG!A:A,SESSION_LOG!B:B,B7) -> 46076 | D7: =TODAY()-C7 -> 0 | E7: =IF(D7<=5,"Active", IF(D7<=10,"Monitor",IF(D7<=15,"At Risk","Likely Drop"))) -> Active | F7: =AVERAGEIFS(SESSION_LOG!F:F, SESSION_LOG!B:B,B7) -> 10 | G7: =IF(F7=" ","No Data",IF(F7>=7,"Highly Engaged",IF(F7>=5,"Moderate","Low Engagement"))) -> Highly Engaged | H7: =COUNTIFS(SESSION_LOG!B:B,B7,SESSION_LOG!G:G,"<>") -> 1 | I7: =IF(H7=0, "No Visible Progress",IF(H7<=2, "Improving", "Strong Progress")) -> Improving | J7: =_xlfn.MAXIFS(SESSION_LOG!D:D, SESSION_LOG!B:B, B7,SESSION_LOG!A:A, _xlfn.MAXIFS(SESSION_LOG!A:A, SESSION_LOG!B:B,B7)) -> 23 | K7: =_xlfn.MAXIFS(SESSION_LOG!D:D,SESSION_LOG!B:B, B7) -> 23 | L7: =J7-K7 -> 0 | M7: =IF(L7="","No Data",IF(ABS(L7)<1,"No Progress",IF(L7<0,"Weight Reduced","Weight Increased"))) -> No Progress | N7: =_xlfn.MAXIFS(SESSION_LOG!F:F, SESSION_LOG!B:B, B7, SESSION_LOG!A:A, _xlfn.MAXIFS(SESSION_LOG!A:A,SESSION_LOG!B:B,B7)) -> 10 | O7: =_xlfn.MINIFS(SESSION_LOG!F:F, SESSION_LOG!B:B, B7) -> 10 | P7: =N7-O7 -> 0 | Q7: =IF(AND(L7<=0,P7>0), "Excellent Progress", IF(AND(L7<=1,P7>0), "Healthy Progress", IF(P7<0,"Performance Dropping", "No Clear Progress"))) -> No Clear Progress | S7: Monthly PT Price | T7: ='[1]INPUTS '!$B$4 -> 12000
A8: =CLIENT_MASTER!A8 -> PT007 | B8: =CLIENT_MASTER!B8 -> Vidhya | C8: =_xlfn.MAXIFS(SESSION_LOG!A:A,SESSION_LOG!B:B,B8) -> 46076 | D8: =TODAY()-C8 -> 0 | E8: =IF(D8<=5,"Active", IF(D8<=10,"Monitor",IF(D8<=15,"At Risk","Likely Drop"))) -> Active | F8: =AVERAGEIFS(SESSION_LOG!F:F, SESSION_LOG!B:B,B8) -> 6 | G8: =IF(F8=" ","No Data",IF(F8>=7,"Highly Engaged",IF(F8>=5,"Moderate","Low Engagement"))) -> Moderate | H8: =COUNTIFS(SESSION_LOG!B:B,B8,SESSION_LOG!G:G,"<>") -> 2 | I8: =IF(H8=0, "No Visible Progress",IF(H8<=2, "Improving", "Strong Progress")) -> Improving | J8: =_xlfn.MAXIFS(SESSION_LOG!D:D, SESSION_LOG!B:B, B8,SESSION_LOG!A:A, _xlfn.MAXIFS(SESSION_LOG!A:A, SESSION_LOG!B:B,B8)) -> 52 | K8: =_xlfn.MAXIFS(SESSION_LOG!D:D,SESSION_LOG!B:B, B8) -> 52 | L8: =J8-K8 -> 0 | M8: =IF(L8="","No Data",IF(ABS(L8)<1,"No Progress",IF(L8<0,"Weight Reduced","Weight Increased"))) -> No Progress | N8: =_xlfn.MAXIFS(SESSION_LOG!F:F, SESSION_LOG!B:B, B8, SESSION_LOG!A:A, _xlfn.MAXIFS(SESSION_LOG!A:A,SESSION_LOG!B:B,B8)) -> 5 | O8: =_xlfn.MINIFS(SESSION_LOG!F:F, SESSION_LOG!B:B, B8) -> 5 | P8: =N8-O8 -> 0 | Q8: =IF(AND(L8<=0,P8>0), "Excellent Progress", IF(AND(L8<=1,P8>0), "Healthy Progress", IF(P8<0,"Performance Dropping", "No Clear Progress"))) -> No Clear Progress | S8: Revenue At Risk | T8: =(T6+T5)*T7 -> 24000
A9: =CLIENT_MASTER!A9 -> PT008 | B9: =CLIENT_MASTER!B9 -> Master | C9: =_xlfn.MAXIFS(SESSION_LOG!A:A,SESSION_LOG!B:B,B9) -> 0 | D9: =TODAY()-C9 -> 46076 | E9: =IF(D9<=5,"Active", IF(D9<=10,"Monitor",IF(D9<=15,"At Risk","Likely Drop"))) -> Likely Drop | F9: =AVERAGEIFS(SESSION_LOG!F:F, SESSION_LOG!B:B,B9) -> #DIV/0! | G9: =IF(F9=" ","No Data",IF(F9>=7,"Highly Engaged",IF(F9>=5,"Moderate","Low Engagement"))) -> #DIV/0! | H9: =COUNTIFS(SESSION_LOG!B:B,B9,SESSION_LOG!G:G,"<>") -> 0 | I9: =IF(H9=0, "No Visible Progress",IF(H9<=2, "Improving", "Strong Progress")) -> No Visible Progress | J9: =_xlfn.MAXIFS(SESSION_LOG!D:D, SESSION_LOG!B:B, B9,SESSION_LOG!A:A, _xlfn.MAXIFS(SESSION_LOG!A:A, SESSION_LOG!B:B,B9)) -> 0 | K9: =_xlfn.MAXIFS(SESSION_LOG!D:D,SESSION_LOG!B:B, B9) -> 0 | L9: =J9-K9 -> 0 | M9: =IF(L9="","No Data",IF(ABS(L9)<1,"No Progress",IF(L9<0,"Weight Reduced","Weight Increased"))) -> No Progress

Sheet CLIENT_PROGRESS_DASHBOARD
I6: METRIC | J6: VALUE
I7: Excellent Progress | J7: =COUNTIF(CLIENT_STATUS!Q:Q, "Healthy Progress") -> 0
I8: Healthy Progresds | J8: =COUNTIF(CLIENT_STATUS!Q:Q, "Excellent Progress") -> 0
I9: No Clear Progress | J9: =COUNTIF(CLIENT_STATUS!Q:Q, "No Clear Progress") -> 7
I10: Performance Dropping | J10: =COUNTIF(CLIENT_STATUS!Q:Q, "Performance Dropping") -> 0

Sheet CLIENT_ANALYTICS
A2: SELECT CLIENT | B2: Vidhya | E2: Latest Performance | F2: {=LOOKUP(2,1/(SESSION_LOG!B:B=$B$2), SESSION_LOG!F:F)} -> 7
E3: First Performance | F3: =INDEX(_xlfn.ANCHORARRAY(C7),1) -> 5
E4: Improvement (%) | F4: =(F2-F3)/F3 -> 0.4
A6: Date | B6: Weight | C6: Performance
A7: {=_xlfn._xlws.FILTER(SESSION_LOG!A:A, SESSION_LOG!B:B=$B$2)} -> 46076 | B7: {=_xlfn._xlws.FILTER(SESSION_LOG!D:D, SESSION_LOG!B:B = $B$2)} -> 52 | C7: {=_xlfn._xlws.FILTER(SESSION_LOG!F:F, SESSION_LOG!B:B=$B$2)} -> 5
A8: 46075 | B8: 52 | C8: 7
